{"cameraMode":{"drawMode":0,"name":"Shaded","section":"Shading Mode"},"sceneLighting":true,"audioPlay":false,"sceneViewState":{"m_AlwaysRefresh":false,"showFog":true,"showSkybox":true,"showFlares":true,"showImageEffects":true,"showParticleSystems":true,"showVisualEffectGraphs":true,"m_FxEnabled":true},"in2DMode":false,"pivot":{"x":0.5130000114440918,"y":-1.3250585794448853,"z":-7.363237380981445},"rotation":{"x":0.3063136637210846,"y":0.02141617052257061,"z":-0.006893499288707972,"w":0.9516675472259522},"size":2.2810215950012209,"orthographic":false}